category_id,clc_code,clc_name,parent_code,query_terms,target_count,enabled,authority_source,reviewed
clc_r11,R11,卫生基础科学,R1,卫生基础科学|卫生学基础,40,true,cnki-hosted-clc-pdf-2012,true
clc_r12,R12,"环境卫生、环境医学",R1,环境卫生|环境医学,40,true,cnki-hosted-clc-pdf-2012,true
clc_r13,R13,劳动卫生,R1,劳动卫生|职业卫生,40,true,cnki-hosted-clc-pdf-2012,true
clc_r14,R14,放射卫生,R1,放射卫生|辐射防护,40,true,cnki-hosted-clc-pdf-2012,true
clc_r15,R15,"营养卫生、食品卫生",R1,营养卫生|食品卫生,40,true,cnki-hosted-clc-pdf-2012,true
clc_r16,R16,个人卫生,R1,个人卫生|健康行为,40,true,cnki-hosted-clc-pdf-2012,true
clc_r17,R17,妇幼卫生,R1,妇幼卫生|妇幼保健,40,true,cnki-hosted-clc-pdf-2012,true
clc_r18,R18,流行病学与防疫,R1,流行病学|防疫,40,true,cnki-hosted-clc-pdf-2012,true
clc_r19,R19,"保健组织与事业（卫生事业管理）",R1,卫生事业管理|卫生管理,40,true,cnki-hosted-clc-pdf-2012,true
clc_r129,R129,"灾害医学、灾害卫生",R12,灾害医学|灾害卫生,40,true,cnki-hosted-clc-pdf-2012,true
clc_r135,R135,职业性疾病预防,R13,职业病预防|职业性疾病,40,true,cnki-hosted-clc-pdf-2012,true
clc_r151,R151,营养学,R15,营养学|营养,40,true,cnki-hosted-clc-pdf-2012,true
clc_r155,R155,饮食卫生与食品检查,R15,饮食卫生|食品检查,40,true,cnki-hosted-clc-pdf-2012,true
clc_r186,R186,"预防接种、计划免疫、药物预防",R18,预防接种|计划免疫|药物预防,40,true,cnki-hosted-clc-pdf-2012,true
clc_r197,R197,医疗卫生制度与机构,R19,医疗卫生制度|医疗机构,40,true,cnki-hosted-clc-pdf-2012,true
clc_r21,R21,"中医预防、卫生学",R2,中医预防|中医卫生,40,true,cnki-hosted-clc-pdf-2012,true
clc_r22,R22,中医基础理论,R2,中医基础理论|中医理论,40,true,cnki-hosted-clc-pdf-2012,true
clc_r24,R24,中医临床学,R2,中医临床学|中医临床,40,true,cnki-hosted-clc-pdf-2012,true
clc_r241,R241,中医诊断学,R24,中医诊断|辨证,40,true,cnki-hosted-clc-pdf-2012,true
clc_r242,R242,中医治疗学,R24,中医治疗|中医疗法,40,true,cnki-hosted-clc-pdf-2012,true
clc_r245,R245,"针灸学、针灸疗法",R24,针灸|针刺,40,true,cnki-hosted-clc-pdf-2012,true
clc_r246,R246,针灸疗法临床应用,R245,针灸临床|针刺治疗,40,true,cnki-hosted-clc-pdf-2012,true
clc_r2479,R247.9,中医康复医学,R247,中医康复|康复医学,40,true,cnki-hosted-clc-pdf-2012,true
clc_r248,R248,中医护理学,R24,中医护理|护理,40,true,cnki-hosted-clc-pdf-2012,true
clc_r25,R25,中医内科,R2,中医内科|中医内科学,40,true,cnki-hosted-clc-pdf-2012,true
clc_r256,R256,脏腑病证,R25,脏腑病证|脏腑辨证,40,true,cnki-hosted-clc-pdf-2012,true
clc_r271,R271,中医妇产科,R2,中医妇科|中医妇产科,40,true,cnki-hosted-clc-pdf-2012,true
clc_r272,R272,中医儿科,R2,中医儿科|小儿中医,40,true,cnki-hosted-clc-pdf-2012,true
clc_r28,R28,中药学,R2,中药学|中药,40,true,cnki-hosted-clc-pdf-2012,true
clc_r289,R289,方剂学,R28,方剂学|中药方剂,40,true,cnki-hosted-clc-pdf-2012,true
clc_r31,R31,医用一般科学,R3,医用一般科学|医学基础科学,40,true,cnki-hosted-clc-pdf-2012,true
clc_r318,R318,生物医学工程,R31,生物医学工程|医学工程,40,true,cnki-hosted-clc-pdf-2012,true
clc_r32,R32,人体形态学,R3,人体形态学|人体形态,40,true,cnki-hosted-clc-pdf-2012,true
clc_r321,R321,"人体胚胎学（人体胎生学、发生学）",R32,人体胚胎学|胚胎发育,40,true,cnki-hosted-clc-pdf-2012,true
clc_r322,R322,人体解剖学,R32,人体解剖学|解剖学,40,true,cnki-hosted-clc-pdf-2012,true
clc_r33,R33,人体生理学,R3,人体生理学|生理学,40,true,cnki-hosted-clc-pdf-2012,true
clc_r331,R331,血液与循环生理,R33,循环生理|血液生理,40,true,cnki-hosted-clc-pdf-2012,true
clc_r332,R332,呼吸生理,R33,呼吸生理|呼吸功能,40,true,cnki-hosted-clc-pdf-2012,true
clc_r333,R333,消化与吸收生理,R33,消化生理|吸收生理,40,true,cnki-hosted-clc-pdf-2012,true
clc_r334,R334,排泄生理,R33,排泄生理|肾脏生理,40,true,cnki-hosted-clc-pdf-2012,true
clc_r335,R335,内分泌生理,R33,内分泌生理|激素调节,40,true,cnki-hosted-clc-pdf-2012,true
clc_r338,R338,神经生理学,R33,神经生理学|神经生理,40,true,cnki-hosted-clc-pdf-2012,true
clc_r36,R36,病理学,R3,病理学|病理,40,true,cnki-hosted-clc-pdf-2012,true
clc_r37,R37,"医学微生物学（病原细菌学、病原微生物学）",R3,医学微生物学|病原微生物,40,true,cnki-hosted-clc-pdf-2012,true
clc_r392,R392,医学免疫学,R3,医学免疫学|免疫学,40,true,cnki-hosted-clc-pdf-2012,true
clc_r44,R44,诊断学,R4,诊断学|临床诊断,40,true,cnki-hosted-clc-pdf-2012,true
clc_r445,R445,影像诊断学,R44,影像诊断|医学影像,40,true,cnki-hosted-clc-pdf-2012,true
clc_r446,R446,实验室诊断,R44,实验室诊断|检验诊断,40,true,cnki-hosted-clc-pdf-2012,true
clc_r45,R45,治疗学,R4,治疗学|临床治疗,40,true,cnki-hosted-clc-pdf-2012,true
clc_r453,R453,"药物疗法、化学疗法",R45,药物疗法|化学疗法,40,true,cnki-hosted-clc-pdf-2012,true
clc_r454,R454,"物理疗法、自然疗法",R45,物理疗法|自然疗法,40,true,cnki-hosted-clc-pdf-2012,true
clc_r457,R457,液疗法,R45,液体治疗|输液疗法,40,true,cnki-hosted-clc-pdf-2012,true
clc_r47,R47,护理学,R4,护理学|临床护理,40,true,cnki-hosted-clc-pdf-2012,true
clc_r49,R49,康复医学,R4,康复医学|康复治疗,40,true,cnki-hosted-clc-pdf-2012,true
clc_r493,R493,"医学康复（康复疗法）",R49,医学康复|康复疗法,40,true,cnki-hosted-clc-pdf-2012,true
clc_r51,R51,传染病,R5,传染病|感染性疾病,40,true,cnki-hosted-clc-pdf-2012,true
clc_r52,R52,结核病,R5,结核病|结核,40,true,cnki-hosted-clc-pdf-2012,true
clc_r53,R53,寄生虫病,R5,寄生虫病|寄生虫感染,40,true,cnki-hosted-clc-pdf-2012,true
clc_r54,R54,"心脏、血管（循环系）疾病",R5,心血管疾病|循环系统疾病,40,true,cnki-hosted-clc-pdf-2012,true
clc_r541,R541,心脏疾病,R54,心脏疾病|心脏病,40,true,cnki-hosted-clc-pdf-2012,true
clc_r543,R543,血管疾病,R54,血管疾病|血管病,40,true,cnki-hosted-clc-pdf-2012,true
clc_r544,R544,血压异常,R54,血压异常|高血压|低血压,40,true,cnki-hosted-clc-pdf-2012,true
clc_r55,R55,血液及淋巴系疾病,R5,血液疾病|淋巴系统疾病,40,true,cnki-hosted-clc-pdf-2012,true
clc_r56,R56,呼吸系及胸部疾病,R5,呼吸系统疾病|胸部疾病,40,true,cnki-hosted-clc-pdf-2012,true
clc_r561,R561,胸膜及胸腔疾病,R56,胸膜疾病|胸腔疾病,40,true,cnki-hosted-clc-pdf-2012,true
clc_r562,R562,气管和支气管疾病,R56,气管疾病|支气管疾病,40,true,cnki-hosted-clc-pdf-2012,true
clc_r563,R563,肺疾病,R56,肺疾病|肺病,40,true,cnki-hosted-clc-pdf-2012,true
clc_r57,R57,消化系及腹部疾病,R5,消化系统疾病|腹部疾病,40,true,cnki-hosted-clc-pdf-2012,true
clc_r571,R571,食管疾病,R57,食管疾病|食管病,40,true,cnki-hosted-clc-pdf-2012,true
clc_r573,R573,胃疾病,R57,胃疾病|胃病,40,true,cnki-hosted-clc-pdf-2012,true
clc_r574,R574,肠疾病,R57,肠疾病|肠病,40,true,cnki-hosted-clc-pdf-2012,true
clc_r575,R575,肝及胆疾病,R57,肝病|胆囊疾病|胆道疾病,40,true,cnki-hosted-clc-pdf-2012,true
clc_r58,R58,内分泌腺疾病及代谢病,R5,内分泌疾病|代谢病,40,true,cnki-hosted-clc-pdf-2012,true
clc_r587,R587,胰岛疾病,R58,胰岛疾病|糖尿病,40,true,cnki-hosted-clc-pdf-2012,true
clc_r59,R59,全身性疾病,R5,全身性疾病|系统性疾病,40,true,cnki-hosted-clc-pdf-2012,true
clc_r6,R6,外科学,R,外科学|外科,40,true,cnki-hosted-clc-pdf-2012,true
clc_r61,R61,外科手术学,R6,外科手术学|手术,40,true,cnki-hosted-clc-pdf-2012,true
clc_r617,R617,器官移植术,R61,器官移植|移植术,40,true,cnki-hosted-clc-pdf-2012,true
clc_r62,R62,"整形外科学（修复外科学）",R6,整形外科|修复外科,40,true,cnki-hosted-clc-pdf-2012,true
clc_r63,R63,外科感染,R6,外科感染|术后感染,40,true,cnki-hosted-clc-pdf-2012,true
clc_r64,R64,创伤外科学,R6,创伤外科|创伤,40,true,cnki-hosted-clc-pdf-2012,true
clc_r644,R644,"烧伤及烫伤（灼伤）",R64,烧伤|烫伤|灼伤,40,true,cnki-hosted-clc-pdf-2012,true
clc_r65,R65,外科学各论,R6,外科学各论|专科外科,40,true,cnki-hosted-clc-pdf-2012,true
clc_r651,R651,头部及神经外科学,R65,神经外科|颅脑外科,40,true,cnki-hosted-clc-pdf-2012,true
clc_r654,R654,心脏血管和淋巴系外科学,R65,心血管外科|血管外科,40,true,cnki-hosted-clc-pdf-2012,true
clc_r655,R655,胸部外科学,R65,胸外科|胸部外科,40,true,cnki-hosted-clc-pdf-2012,true
clc_r656,R656,腹部外科学,R65,腹部外科|普通外科,40,true,cnki-hosted-clc-pdf-2012,true
clc_r68,R68,"骨科学（运动系疾病、矫形外科学）",R6,骨科学|骨科|矫形外科,40,true,cnki-hosted-clc-pdf-2012,true
clc_r69,R69,"泌尿科学（泌尿生殖系疾病）",R6,泌尿科学|泌尿系统疾病,40,true,cnki-hosted-clc-pdf-2012,true
clc_r692,R692,肾疾病,R69,肾疾病|肾病,40,true,cnki-hosted-clc-pdf-2012,true
clc_r71,R71,妇产科学,R,妇产科学|妇产科,40,true,cnki-hosted-clc-pdf-2012,true
clc_r714,R714,产科学,R71,产科学|产科,40,true,cnki-hosted-clc-pdf-2012,true
clc_r72,R72,儿科学,R,儿科学|儿科,40,true,cnki-hosted-clc-pdf-2012,true
clc_r722,R722,"新生儿、早产儿疾病",R72,新生儿疾病|早产儿疾病,40,true,cnki-hosted-clc-pdf-2012,true
clc_r73,R73,肿瘤学,R,肿瘤学|肿瘤,40,true,cnki-hosted-clc-pdf-2012,true
clc_r734,R734,呼吸系肿瘤,R73,呼吸系统肿瘤|肺肿瘤,40,true,cnki-hosted-clc-pdf-2012,true
clc_r735,R735,消化系肿瘤,R73,消化系统肿瘤|胃肠肿瘤,40,true,cnki-hosted-clc-pdf-2012,true
clc_r74,R74,神经病学与精神病学,R,神经病学|精神病学,40,true,cnki-hosted-clc-pdf-2012,true
clc_r749,R749,精神病学,R74,精神病学|精神障碍,40,true,cnki-hosted-clc-pdf-2012,true
clc_r75,R75,皮肤病学与性病学,R,皮肤病学|性病学,40,true,cnki-hosted-clc-pdf-2012,true
clc_r7582,R758.2,变态反应性及中毒性皮肤病,R75,变态反应性皮肤病|中毒性皮肤病,40,true,cnki-hosted-clc-pdf-2012,true
clc_r76,R76,耳鼻咽喉科学,R,耳鼻咽喉科学|耳鼻喉科,40,true,cnki-hosted-clc-pdf-2012,true
clc_r77,R77,眼科学,R,眼科学|眼科,40,true,cnki-hosted-clc-pdf-2012,true
clc_r775,R775,眼压与青光眼,R77,眼压|青光眼,40,true,cnki-hosted-clc-pdf-2012,true
clc_r78,R78,口腔科学,R,口腔科学|口腔医学,40,true,cnki-hosted-clc-pdf-2012,true
clc_r8,R8,特种医学,R,特种医学,40,true,cnki-hosted-clc-pdf-2012,true
clc_r81,R81,放射医学,R8,放射医学|放射诊疗,40,true,cnki-hosted-clc-pdf-2012,true
clc_r9,R9,药学,R,药学|药物学,40,true,cnki-hosted-clc-pdf-2012,true
clc_r96,R96,药理学,R9,药理学|药物作用,40,true,cnki-hosted-clc-pdf-2012,true
clc_r97,R97,药品,R9,药品|药物,40,true,cnki-hosted-clc-pdf-2012,true

